"Status","Start Time","Stop Time","Duration in ms","Parent Suite","Suite","Sub Suite","Test Class","Test Method","Name","Description"
"passed","Tue Dec 29 14:11:59 CST 2020","Tue Dec 29 14:11:59 CST 2020","0","","test_calc_new","TestCalc","","","test_div[get_div_data3]",""
"passed","Tue Dec 29 14:11:59 CST 2020","Tue Dec 29 14:11:59 CST 2020","0","","test_calc_new","TestCalc","","","test_div[get_div_data2]",""
"passed","Tue Dec 29 14:11:59 CST 2020","Tue Dec 29 14:11:59 CST 2020","0","","test_calc_new","TestCalc","","","test_sub[get_sub_data0]",""
"passed","Tue Dec 29 14:11:59 CST 2020","Tue Dec 29 14:11:59 CST 2020","0","","test_calc_new","TestCalc","","","test_sub[get_sub_data3]",""
"passed","Tue Dec 29 14:11:59 CST 2020","Tue Dec 29 14:11:59 CST 2020","0","","test_calc_new","TestCalc","","","test_mul[get_mul_data1]",""
"passed","Tue Dec 29 14:11:59 CST 2020","Tue Dec 29 14:11:59 CST 2020","0","","test_calc_new","TestCalc","","","test_add[get_add_data3]",""
"passed","Tue Dec 29 14:11:59 CST 2020","Tue Dec 29 14:11:59 CST 2020","0","","test_calc_new","TestCalc","","","test_add[get_add_data2]",""
"passed","Tue Dec 29 14:11:59 CST 2020","Tue Dec 29 14:11:59 CST 2020","0","","test_calc_new","TestCalc","","","test_add[get_add_data1]",""
"passed","Tue Dec 29 14:11:59 CST 2020","Tue Dec 29 14:11:59 CST 2020","0","","test_calc_new","TestCalc","","","test_add[get_add_data0]",""
"passed","Tue Dec 29 14:11:59 CST 2020","Tue Dec 29 14:11:59 CST 2020","0","","test_calc_new","TestCalc","","","test_div[get_div_data0]",""
"passed","Tue Dec 29 14:11:59 CST 2020","Tue Dec 29 14:11:59 CST 2020","0","","test_calc_new","TestCalc","","","test_div[get_div_data1]",""
"passed","Tue Dec 29 14:11:59 CST 2020","Tue Dec 29 14:11:59 CST 2020","0","","test_calc_new","TestCalc","","","test_mul[get_mul_data2]",""
"passed","Tue Dec 29 14:11:59 CST 2020","Tue Dec 29 14:11:59 CST 2020","0","","test_calc_new","TestCalc","","","test_sub[get_sub_data1]",""
"passed","Tue Dec 29 14:11:59 CST 2020","Tue Dec 29 14:11:59 CST 2020","0","","test_calc_new","TestCalc","","","test_mul[get_mul_data0]",""
"passed","Tue Dec 29 14:11:59 CST 2020","Tue Dec 29 14:11:59 CST 2020","0","","test_calc_new","TestCalc","","","test_mul[get_mul_data3]",""
"passed","Tue Dec 29 14:11:59 CST 2020","Tue Dec 29 14:11:59 CST 2020","1","","test_calc_new","TestCalc","","","test_sub[get_sub_data2]",""
